{"stats":{"minecraft:crafted":{"minecraft:air":35},"minecraft:custom":{"minecraft:time_since_rest":1759,"minecraft:sprint_one_cm":191932,"minecraft:damage_taken":1300,"minecraft:walk_one_cm":57087,"minecraft:mob_kills":3,"minecraft:drop":6,"minecraft:damage_dealt":541,"minecraft:interact_with_crafting_table":3,"minecraft:fly_one_cm":155149,"minecraft:open_barrel":1,"minecraft:crouch_one_cm":1558,"minecraft:play_time":23204,"minecraft:deaths":6,"minecraft:sneak_time":430,"minecraft:jump":420,"minecraft:leave_game":1,"minecraft:time_since_death":1735,"minecraft:climb_one_cm":13957,"minecraft:total_world_time":23204,"minecraft:fall_one_cm":8448},"minecraft:killed_by":{"minecraft:piglin":1,"minecraft:piglin_brute":1,"minecraft:creeper":2,"naturalist:bear":1,"minecraft:zombie":1},"minecraft:mined":{"minecraft:birch_log":3,"minecraft:birch_leaves":2,"treechop:chopped_log":2,"minecraft:crafting_table":1,"minecraft:grass":2,"minecraft:stone":13},"minecraft:dropped":{"tombstone:grave_dust":1,"minecraft:red_mushroom":5},"minecraft:used":{"minecraft:wooden_axe":17,"minecraft:wooden_pickaxe":22,"minecraft:dirt":1,"minecraft:crafting_table":2,"tombstone:gift":1},"minecraft:picked_up":{"minecraft:birch_log":13,"minecraft:stick":7,"minecraft:crafting_table":1,"minecraft:leather":2,"minecraft:wooden_pickaxe":1,"minecraft:red_mushroom":5,"minecraft:dirt":1,"minecraft:beef":3,"minecraft:birch_sapling":6,"minecraft:cobblestone":13},"minecraft:killed":{"naturalist:snail":2,"minecraft:cow":1}},"DataVersion":2975}