{"stats":{"minecraft:mined":{"minecraft:grass":1,"minecraft:grass_block":2,"minecraft:dirt":1},"minecraft:dropped":{"minecraft:rotten_flesh":7,"minecraft:leather":2,"minecraft:arrow":2,"minecraft:gunpowder":2,"minecraft:grass_block":6,"minecraft:bone":4},"minecraft:killed":{"minecraft:horse":1,"minecraft:skeleton":3,"minecraft:zombie":3,"minecraft:creeper":2},"minecraft:custom":{"minecraft:time_since_rest":8338,"minecraft:sprint_one_cm":8529,"minecraft:play_time":8338,"tombstone:undead_killed":5,"minecraft:walk_one_cm":47415,"minecraft:sneak_time":43,"minecraft:mob_kills":9,"minecraft:drop":23,"minecraft:jump":57,"minecraft:damage_dealt":1824,"minecraft:leave_game":2,"minecraft:time_since_death":8338,"minecraft:total_world_time":8338,"minecraft:damage_dealt_absorbed":182,"minecraft:fly_one_cm":109129},"minecraft:used":{"wom:agony":4,"wom:ender_blaster":5,"minecraft:dirt":3,"wom:antitheus":15,"wom:herrscher":3,"decocraft:return_of_the_jedi":1,"wom:ruine":1},"minecraft:picked_up":{"minecraft:arrow":3,"minecraft:bone":5,"minecraft:rotten_flesh":7,"minecraft:leather":2,"minecraft:wheat_seeds":1,"minecraft:grass_block":6,"minecraft:gunpowder":2,"minecraft:dirt":3}},"DataVersion":2975}