{"stats":{"minecraft:picked_up":{"minecraft:bone":1,"minecraft:arrow":1},"minecraft:killed":{"minecraft:skeleton":1},"minecraft:used":{"decocraft:return_of_the_jedi":1},"minecraft:custom":{"minecraft:jump":22,"minecraft:time_since_rest":2912,"minecraft:damage_dealt":270,"minecraft:leave_game":1,"minecraft:sprint_one_cm":736,"minecraft:play_time":2912,"minecraft:time_since_death":2912,"minecraft:walk_one_cm":9798,"minecraft:sneak_time":12,"minecraft:total_world_time":2912,"minecraft:mob_kills":1,"minecraft:fly_one_cm":47724}},"DataVersion":2975}