{"stats":{"minecraft:killed":{"minecraft:skeleton":1,"minecraft:piglin":1,"minecraft:cow":1},"minecraft:custom":{"minecraft:time_since_rest":772,"minecraft:interact_with_furnace":1,"minecraft:sprint_one_cm":90502,"minecraft:damage_taken":1792,"minecraft:walk_one_cm":189890,"minecraft:mob_kills":3,"minecraft:drop":2,"minecraft:damage_dealt":810,"minecraft:interact_with_crafting_table":4,"minecraft:fly_one_cm":75297,"minecraft:open_barrel":4,"minecraft:crouch_one_cm":12949,"minecraft:play_time":40317,"tombstone:undead_killed":1,"minecraft:deaths":6,"minecraft:sneak_time":1665,"minecraft:jump":327,"minecraft:leave_game":5,"minecraft:time_since_death":721,"minecraft:walk_on_water_one_cm":44,"minecraft:climb_one_cm":8,"minecraft:total_world_time":40317,"minecraft:fall_one_cm":8777},"minecraft:picked_up":{"minecraft:birch_log":11,"minecraft:crafting_table":3,"minecraft:stick":1,"minecraft:diamond_sword":1,"minecraft:red_mushroom":3,"tombstone:grave_dust":1,"minecraft:dirt":35,"minecraft:bone":1,"minecraft:arrow":1,"minecraft:beetroot":82,"minecraft:beetroot_seeds":216,"minecraft:beef":3,"minecraft:rose_bush":1,"minecraft:moss_block":1,"minecraft:birch_sapling":2,"minecraft:cobblestone":6},"minecraft:used":{"minecraft:moss_block":1,"minecraft:bread":2,"minecraft:stone_pickaxe":3,"minecraft:wooden_pickaxe":6,"minecraft:stone_axe":2,"minecraft:diamond_sword":17,"minecraft:crafting_table":2,"minecraft:beetroot_seeds":81,"tombstone:gift":4,"minecraft:birch_log":2,"minecraft:potato":23},"minecraft:dropped":{"minecraft:diamond_sword":1,"minecraft:wooden_pickaxe":1},"minecraft:killed_by":{"minecraft:piglin":1,"minecraft:piglin_brute":4,"minecraft:creeper":1},"minecraft:mined":{"minecraft:birch_log":2,"minecraft:birch_leaves":5,"treechop:chopped_log":2,"minecraft:crafting_table":3,"minecraft:grass":3,"minecraft:beetroots":81,"minecraft:rose_bush":1,"minecraft:mushroom_stem":2,"minecraft:brown_mushroom_block":2,"minecraft:red_mushroom_block":11,"minecraft:stone":6,"minecraft:moss_block":1},"minecraft:crafted":{"minecraft:iron_chestplate":1,"minecraft:stick":8,"minecraft:wooden_pickaxe":1,"minecraft:stone_pickaxe":1,"minecraft:stone_axe":1,"minecraft:air":36}},"DataVersion":2975}