{"stats":{"minecraft:killed_by":{"minecraft:piglin":1},"minecraft:killed":{"minecraft:piglin":1},"minecraft:custom":{"minecraft:open_barrel":3,"minecraft:time_since_rest":2736,"minecraft:crouch_one_cm":1904,"minecraft:sprint_one_cm":30849,"minecraft:interact_with_furnace":1,"minecraft:play_time":15018,"minecraft:deaths":1,"minecraft:damage_taken":290,"minecraft:walk_one_cm":80836,"minecraft:sneak_time":219,"minecraft:mob_kills":1,"minecraft:drop":1,"minecraft:jump":72,"minecraft:damage_dealt":240,"minecraft:leave_game":3,"minecraft:walk_on_water_one_cm":44,"minecraft:time_since_death":2708,"minecraft:total_world_time":15018,"minecraft:fall_one_cm":1763,"minecraft:fly_one_cm":21082},"minecraft:dropped":{"minecraft:diamond_sword":1},"minecraft:used":{"minecraft:diamond_sword":4,"minecraft:beetroot_seeds":81,"minecraft:birch_log":2},"minecraft:mined":{"minecraft:grass":1,"minecraft:beetroots":81,"minecraft:birch_log":2},"minecraft:picked_up":{"minecraft:birch_log":2,"minecraft:beetroot":82,"minecraft:beetroot_seeds":216,"minecraft:diamond_sword":1,"minecraft:birch_sapling":2}},"DataVersion":2975}