{"stats":{"minecraft:crafted":{"minecraft:iron_chestplate":1,"minecraft:stick":8,"minecraft:stone_pickaxe":1,"minecraft:wooden_pickaxe":1,"minecraft:stone_axe":1,"minecraft:air":36},"minecraft:custom":{"minecraft:time_since_rest":4737,"minecraft:interact_with_furnace":1,"minecraft:sprint_one_cm":71413,"minecraft:damage_taken":1385,"minecraft:walk_one_cm":169927,"minecraft:mob_kills":3,"minecraft:drop":2,"minecraft:damage_dealt":741,"minecraft:interact_with_crafting_table":3,"minecraft:fly_one_cm":55160,"minecraft:open_barrel":4,"minecraft:crouch_one_cm":6490,"minecraft:play_time":31320,"tombstone:undead_killed":1,"minecraft:deaths":4,"minecraft:sneak_time":863,"minecraft:jump":256,"minecraft:leave_game":4,"minecraft:walk_on_water_one_cm":44,"minecraft:time_since_death":4711,"minecraft:total_world_time":31320,"minecraft:fall_one_cm":7166},"minecraft:killed_by":{"minecraft:piglin":1,"minecraft:piglin_brute":2,"minecraft:creeper":1},"minecraft:mined":{"minecraft:birch_log":2,"minecraft:birch_leaves":1,"treechop:chopped_log":1,"minecraft:crafting_table":2,"minecraft:grass":3,"minecraft:beetroots":81,"minecraft:rose_bush":1,"minecraft:mushroom_stem":2,"minecraft:red_mushroom_block":8,"minecraft:stone":6,"minecraft:moss_block":1},"minecraft:used":{"minecraft:bread":2,"minecraft:stone_pickaxe":3,"minecraft:wooden_pickaxe":6,"minecraft:stone_axe":1,"minecraft:diamond_sword":15,"minecraft:crafting_table":1,"minecraft:beetroot_seeds":81,"minecraft:birch_log":2,"tombstone:gift":2,"minecraft:potato":23},"minecraft:dropped":{"minecraft:diamond_sword":1,"minecraft:wooden_pickaxe":1},"minecraft:killed":{"minecraft:skeleton":1,"minecraft:piglin":1,"minecraft:cow":1},"minecraft:picked_up":{"minecraft:birch_log":11,"minecraft:crafting_table":2,"minecraft:stick":1,"minecraft:diamond_sword":1,"minecraft:red_mushroom":3,"tombstone:grave_dust":1,"minecraft:dirt":35,"minecraft:arrow":1,"minecraft:bone":1,"minecraft:beetroot":82,"minecraft:beetroot_seeds":216,"minecraft:beef":3,"minecraft:rose_bush":1,"minecraft:moss_block":1,"minecraft:birch_sapling":2,"minecraft:cobblestone":6}},"DataVersion":2975}