{"stats":{"minecraft:killed":{"minecraft:zombie":1,"minecraft:chicken":1},"minecraft:custom":{"minecraft:interact_with_furnace":4,"minecraft:time_since_rest":13111,"minecraft:crouch_one_cm":859,"minecraft:play_time":13111,"minecraft:sprint_one_cm":29036,"minecraft:damage_taken":170,"tombstone:undead_killed":1,"minecraft:walk_one_cm":32576,"minecraft:sneak_time":192,"minecraft:mob_kills":2,"minecraft:jump":80,"minecraft:damage_dealt":126,"minecraft:leave_game":1,"minecraft:time_since_death":13111,"minecraft:total_world_time":13111,"minecraft:interact_with_crafting_table":3,"minecraft:fall_one_cm":627,"minecraft:fly_one_cm":26677},"minecraft:picked_up":{"minecraft:birch_log":25,"minecraft:chicken":1,"minecraft:stick":4,"minecraft:arrow":1,"minecraft:bone":4,"minecraft:rotten_flesh":1,"minecraft:birch_sapling":15,"minecraft:dirt":7,"minecraft:cobblestone":18},"minecraft:used":{"minecraft:dirt":1,"minecraft:furnace":1,"minecraft:wooden_pickaxe":18,"minecraft:cooked_chicken":1,"carryon:tile_item":2},"minecraft:mined":{"minecraft:grass_block":2,"minecraft:dirt":5,"minecraft:stone":18,"treechop:chopped_log":5},"minecraft:crafted":{"minecraft:furnace":1,"minecraft:birch_planks":4,"minecraft:cooked_chicken":1,"minecraft:wooden_pickaxe":1}},"DataVersion":2975}