{"stat.chestOpened":249,"stat.useItem.minecraft.lapis_block":10,"stat.useItem.minecraft.quartz_block":43,"stat.useItem.minecraft.stone":4,"stat.useItem.minecraft.jungle_fence":6,"stat.useItem.minecraft.repeater":7,"stat.useItem.minecraft.quartz_stairs":19,"stat.leaveGame":149,"stat.useItem.minecraft.log2":62,"stat.useItem.minecraft.skull":431,"stat.useItem.minecraft.ender_chest":3,"stat.useItem.minecraft.carpet":297,"stat.useItem.minecraft.stained_glass_pane":26,"stat.useItem.minecraft.glowstone":21,"stat.jump":1329,"stat.useItem.minecraft.sand":64,"stat.useItem.minecraft.planks":16,"stat.climbOneCm":12817,"stat.useItem.minecraft.piston":8,"stat.useItem.minecraft.coal_block":16,"stat.crouchOneCm":20571,"stat.enderchestOpened":2,"stat.useItem.minecraft.redstone_torch":2,"stat.useItem.minecraft.stone_button":9,"stat.useItem.minecraft.light_weighted_pressure_plate":1,"stat.useItem.minecraft.stone_slab2":20,"stat.useItem.minecraft.red_sandstone_stairs":41,"achievement.exploreAllBiomes":{"value":0,"progress":["Plains"]},"stat.useItem.minecraft.dispenser":10,"stat.useItem.minecraft.redstone_lamp":9,"stat.useItem.minecraft.sandstone_stairs":2,"stat.useItem.minecraft.dark_oak_fence":1,"stat.useItem.minecraft.gold_block":134,"stat.dispenserInspected":71,"stat.useItem.minecraft.anvil":5,"stat.flyOneCm":3805470,"stat.useItem.minecraft.birch_fence":1,"stat.useItem.minecraft.snow_layer":4,"stat.useItem.minecraft.wool":237,"stat.timeSinceDeath":1339313,"stat.hopperInspected":23,"stat.useItem.minecraft.sign":454,"stat.useItem.minecraft.wooden_slab":47,"stat.useItem.minecraft.iron_bars":15,"stat.useItem.minecraft.command_block":8,"stat.walkOneCm":1656800,"stat.useItem.minecraft.chest":12,"stat.useItem.minecraft.lever":17,"stat.useItem.minecraft.hardened_clay":236,"stat.useItem.minecraft.acacia_stairs":17,"stat.useItem.minecraft.dark_oak_stairs":13,"stat.useItem.minecraft.redstone_block":8,"stat.useItem.minecraft.item_frame":51,"stat.useItem.minecraft.redstone":22,"stat.useItem.minecraft.sea_lantern":5,"stat.useItem.minecraft.red_sandstone":351,"stat.useItem.minecraft.stained_hardened_clay":3347,"stat.sprintOneCm":21994,"stat.useItem.minecraft.stone_slab":70,"stat.useItem.minecraft.acacia_fence":1,"achievement.openInventory":658,"stat.useItem.minecraft.wooden_button":3,"stat.useItem.minecraft.hopper":9,"stat.useItem.minecraft.stonebrick":141,"stat.deaths":1,"stat.useItem.minecraft.monster_egg":2,"stat.useItem.minecraft.cobblestone_wall":21,"stat.drop":44,"stat.useItem.minecraft.writable_book":10,"stat.playOneMinute":1340585,"stat.useItem.minecraft.banner":50,"stat.useItem.minecraft.nether_brick":13,"stat.useItem.minecraft.ladder":1351,"stat.useItem.minecraft.birch_stairs":6,"stat.useItem.minecraft.jukebox":6,"stat.useItem.minecraft.sandstone":341}