{"stats":{"minecraft:killed":{"minecraft:zombie":1},"minecraft:custom":{"minecraft:time_since_rest":8424,"minecraft:damage_taken":40,"minecraft:play_time":8424,"minecraft:sprint_one_cm":105,"tombstone:undead_killed":1,"minecraft:walk_one_cm":43236,"minecraft:mob_kills":2,"minecraft:jump":24,"minecraft:damage_dealt":62,"minecraft:leave_game":1,"minecraft:time_since_death":8424,"minecraft:total_world_time":8424,"minecraft:fall_one_cm":335,"minecraft:interact_with_crafting_table":4,"minecraft:fly_one_cm":35},"minecraft:picked_up":{"minecraft:birch_log":5,"minecraft:stick":1,"epicfight:skillbook":1,"minecraft:birch_sapling":2,"minecraft:dirt":4,"minecraft:cobblestone":2},"minecraft:used":{"epicfight:skillbook":1,"minecraft:dirt":3,"minecraft:crafting_table":1,"minecraft:wooden_pickaxe":2,"minecraft:wooden_shovel":4},"minecraft:crafted":{"minecraft:wooden_shovel":1,"minecraft:crafting_table":1,"wom:stone_staff":1,"minecraft:wooden_pickaxe":1,"minecraft:air":28},"minecraft:mined":{"minecraft:grass_block":4,"minecraft:dirt":2,"minecraft:stone":2}},"DataVersion":2975}