{"stat.walkOneCm":11240,"stat.craftItem.minecraft.planks":64,"stat.leaveGame":1,"stat.pickup.minecraft.crafting_table":1,"stat.mineBlock.minecraft.crafting_table":1,"stat.craftItem.minecraft.crafting_table":1,"stat.mineBlock.minecraft.log":63,"stat.pickup.minecraft.log":63,"stat.flyOneCm":7230,"stat.drop":1,"stat.jump":68,"stat.mineBlock.minecraft.leaves":2,"stat.playOneMinute":8428,"stat.fallOneCm":1045,"stat.sneakTime":558,"stat.drop.minecraft.sapling":1,"stat.crouchOneCm":864,"stat.timeSinceDeath":8428,"stat.pickup.minecraft.sapling":24,"stat.useItem.minecraft.wooden_axe":50,"stat.sprintOneCm":5210,"stat.useItem.minecraft.stone_slab2":1,"stat.mineBlock.minecraft.tallgrass":2,"stat.craftItem.minecraft.stick":4,"stat.craftItem.minecraft.wooden_axe":1,"stat.craftingTableInteraction":1}